video_id,title,channel,channel_id,published_at,duration_sec,view_count,like_count,comment_count,keyword,layer,subscribers,days_since,vpd,engagement_rate,views_per_sub,description,url,form,year,published_date,content_type,in_howto_playlist,howto_text_match,howto_playlist_titles,relation
Ukpvz-1Jlhg,[How To 주식] 1.주식투자 어떻게 시작할까?,금융투자아카데미,UCBryaPNZJE5bcaKxJO-PasA,2018-12-06T08:00:01Z,205,578,9,0,금융투자 HOW TO,재생목록+표기매칭,43700,2768.9,0.2,1.557,0.0132,"""주식투자 어떻게 하면 좋을지"" 라는 주제로,
일반투자자의 투자 현실과 주식투자에 대한 대표적인 오해들을 살펴봅니다.

# 나는 제대로 투자하고 있는 걸까?  '알투플러스' 투자검진 받아보기!! https://ktest.kofia.or.kr/
● 투교협 홈페이지 : https://www.kcie.or.kr/
● 투교협 페이스북 : https://www.facebook.com/kcie.edu/ 
● 투교협 포스트 : http://naver.me/xOG0WSVH
● 투교협 유튜브 : https://www.youtube.com/user/kcie01/featured",https://www.youtube.com/watch?v=Ukpvz-1Jlhg,롱폼,2018,2018-12-06,longform,1,1,How To 주식투자,재생목록+표기매칭
XADFgmhORYg,[How To 주식] 2.성공투자를 위한 주식분석,금융투자아카데미,UCBryaPNZJE5bcaKxJO-PasA,2018-12-06T08:15:01Z,362,367,5,0,금융투자 HOW TO,재생목록+표기매칭,43700,2768.9,0.1,1.362,0.0084,"주식투자를 위해 주식분석 원칙을 세우는데 도움이 될 수 있는 이야기를 하고, 기본적인 분석에 대해 설명합니다.

# 나는 제대로 투자하고 있는 걸까?  '알투플러스' 투자검진 받아보기!! https://ktest.kofia.or.kr/
● 투교협 홈페이지 : https://www.kcie.or.kr/
● 투교협 페이스북 : https://www.facebook.com/kcie.edu/ 
● 투교협 포스트 : http://naver.me/xOG0WSVH
● 투교협 유튜브 : https://www.youtube.com/user/kcie01/featured",https://www.youtube.com/watch?v=XADFgmhORYg,롱폼,2018,2018-12-06,longform,1,1,How To 주식투자,재생목록+표기매칭
NpD1EC4LO1o,"[How To 주식] 3.장부가치, 미래가치, 배당가치",금융투자아카데미,UCBryaPNZJE5bcaKxJO-PasA,2018-12-06T08:30:00Z,273,525,6,0,금융투자 HOW TO,재생목록+표기매칭,43700,2768.9,0.2,1.143,0.012,"기본적분석 중에서 장부가치, 미래가치, 배당가치로 주식가치를 가늠하는 법을 알아봅니다.

# 나는 제대로 투자하고 있는 걸까?  '알투플러스' 투자검진 받아보기!! https://ktest.kofia.or.kr/
● 투교협 홈페이지 : https://www.kcie.or.kr/
● 투교협 페이스북 : https://www.facebook.com/kcie.edu/ 
● 투교협 포스트 : http://naver.me/xOG0WSVH
● 투교협 유튜브 : https://www.youtube.com/user/kcie01/featured",https://www.youtube.com/watch?v=NpD1EC4LO1o,롱폼,2018,2018-12-06,longform,1,1,How To 주식투자,재생목록+표기매칭
DFHIcszKQ1E,[How To 주식] 4.기술적분석을 통한 주식투자 방법,금융투자아카데미,UCBryaPNZJE5bcaKxJO-PasA,2018-12-06T08:45:00Z,369,365,3,0,금융투자 HOW TO,재생목록+표기매칭,43700,2768.9,0.1,0.822,0.0084,"기술적분석(캔들과 차트, 차트의 추세와 패턴)에 대해서 안내합니다.

# 나는 제대로 투자하고 있는 걸까?  '알투플러스' 투자검진 받아보기!! https://ktest.kofia.or.kr/
● 투교협 홈페이지 : https://www.kcie.or.kr/
● 투교협 페이스북 : https://www.facebook.com/kcie.edu/ 
● 투교협 포스트 : http://naver.me/xOG0WSVH
● 투교협 유튜브 : https://www.youtube.com/user/kcie01/featured",https://www.youtube.com/watch?v=DFHIcszKQ1E,롱폼,2018,2018-12-06,longform,1,1,How To 주식투자,재생목록+표기매칭
s3hfrqYFycE,[How to ELS/DLS] 1.돌아온 황금알 ELS,금융투자아카데미,UCBryaPNZJE5bcaKxJO-PasA,2018-12-07T09:00:05Z,609,266,1,1,금융투자 HOW TO,재생목록+표기매칭,43700,2767.9,0.1,0.752,0.0061,"ELS/DLS가 다시 각광 받고 있습니다. 그 이유에 대해서 알아봅니다.

# 나는 제대로 투자하고 있는 걸까?  '알투플러스' 투자검진 받아보기!! https://ktest.kofia.or.kr/
● 투교협 홈페이지 : https://www.kcie.or.kr/
● 투교협 페이스북 : https://www.facebook.com/kcie.edu/ 
● 투교협 포스트 : http://naver.me/xOG0WSVH
● 투교협 유튜브 : https://www.youtube.com/user/kcie01/featured",https://www.youtube.com/watch?v=s3hfrqYFycE,롱폼,2018,2018-12-07,longform,1,1,How to ELS/DLS,재생목록+표기매칭
K2z_UIF9nCQ,[How to ELS/DLS] 2.ELS 투자설명서 씹어먹기,금융투자아카데미,UCBryaPNZJE5bcaKxJO-PasA,2018-12-07T09:15:00Z,542,265,4,0,금융투자 HOW TO,재생목록+표기매칭,43700,2767.9,0.1,1.509,0.0061,"ELS 투자설명서 보는 방법과 중요하게 체크해야 할 점은 무엇인지 알아봅니다.

# 나는 제대로 투자하고 있는 걸까?  '알투플러스' 투자검진 받아보기!! https://ktest.kofia.or.kr/
● 투교협 홈페이지 : https://www.kcie.or.kr/
● 투교협 페이스북 : https://www.facebook.com/kcie.edu/ 
● 투교협 포스트 : http://naver.me/xOG0WSVH
● 투교협 유튜브 : https://www.youtube.com/user/kcie01/featured",https://www.youtube.com/watch?v=K2z_UIF9nCQ,롱폼,2018,2018-12-07,longform,1,1,How to ELS/DLS,재생목록+표기매칭
DChqHERzuI0,[How to ELS/DLS] 3.ELS 위험 줄이기,금융투자아카데미,UCBryaPNZJE5bcaKxJO-PasA,2018-12-07T09:30:00Z,467,104,0,0,금융투자 HOW TO,재생목록+표기매칭,43700,2767.9,0.0,0.0,0.0024,"ELS를 가입하면서 위험을 어떻게 줄이고, 실전에 어떻게 해야 할지를 알아봅니다.

# 나는 제대로 투자하고 있는 걸까?  '알투플러스' 투자검진 받아보기!! https://ktest.kofia.or.kr/
● 투교협 홈페이지 : https://www.kcie.or.kr/
● 투교협 페이스북 : https://www.facebook.com/kcie.edu/ 
● 투교협 포스트 : http://naver.me/xOG0WSVH
● 투교협 유튜브 : https://www.youtube.com/user/kcie01/featured",https://www.youtube.com/watch?v=DChqHERzuI0,롱폼,2018,2018-12-07,longform,1,1,How to ELS/DLS,재생목록+표기매칭
ycDSces4OaE,[How to ELS/DLS] 4.나를 위한 ELS 찾는법,금융투자아카데미,UCBryaPNZJE5bcaKxJO-PasA,2018-12-07T09:45:00Z,558,69,0,0,금융투자 HOW TO,재생목록+표기매칭,43700,2767.9,0.0,0.0,0.0016,"나에게 맞는, 나를 위한 els를 찾는 방법을 알아보도록 하겠습니다.

# 나는 제대로 투자하고 있는 걸까?  '알투플러스' 투자검진 받아보기!! https://ktest.kofia.or.kr/
● 투교협 홈페이지 : https://www.kcie.or.kr/
● 투교협 페이스북 : https://www.facebook.com/kcie.edu/ 
● 투교협 포스트 : http://naver.me/xOG0WSVH
● 투교협 유튜브 : https://www.youtube.com/user/kcie01/featured",https://www.youtube.com/watch?v=ycDSces4OaE,롱폼,2018,2018-12-07,longform,1,1,How to ELS/DLS,재생목록+표기매칭
ZYNvxC6BwvU,[How to ELS/DLS] 5.DLS 선택하기,금융투자아카데미,UCBryaPNZJE5bcaKxJO-PasA,2018-12-07T10:00:07Z,523,146,0,0,금융투자 HOW TO,재생목록+표기매칭,43700,2767.9,0.1,0.0,0.0033,"지난 시간까지 ELS의 기본과 실전 대해 알아봤습니다.
이번 시간에는 DLS에 대해 알아봅니다.

# 나는 제대로 투자하고 있는 걸까?  '알투플러스' 투자검진 받아보기!! https://ktest.kofia.or.kr/
● 투교협 홈페이지 : https://www.kcie.or.kr/
● 투교협 페이스북 : https://www.facebook.com/kcie.edu/ 
● 투교협 포스트 : http://naver.me/xOG0WSVH
● 투교협 유튜브 : https://www.youtube.com/user/kcie01/featured",https://www.youtube.com/watch?v=ZYNvxC6BwvU,롱폼,2018,2018-12-07,longform,1,1,How to ELS/DLS,재생목록+표기매칭
G30x6l9cITg,[How to ELS/DLS] 6.DLS 진화,금융투자아카데미,UCBryaPNZJE5bcaKxJO-PasA,2018-12-07T10:15:00Z,465,104,2,0,금융투자 HOW TO,재생목록+표기매칭,43700,2767.8,0.0,1.923,0.0024,"점점 더 다양해지고 있는 DLS의 유형과 투자방법에 대해 알아봅니다.

# 나는 제대로 투자하고 있는 걸까?  '알투플러스' 투자검진 받아보기!! https://ktest.kofia.or.kr/
● 투교협 홈페이지 : https://www.kcie.or.kr/
● 투교협 페이스북 : https://www.facebook.com/kcie.edu/ 
● 투교협 포스트 : http://naver.me/xOG0WSVH
● 투교협 유튜브 : https://www.youtube.com/user/kcie01/featured",https://www.youtube.com/watch?v=G30x6l9cITg,롱폼,2018,2018-12-07,longform,1,1,How to ELS/DLS,재생목록+표기매칭
WEPCJcljrQA,"[미국주식투자 #2] How to 미국 주식 투자, 어떻게 시작할까?",금융투자아카데미,UCBryaPNZJE5bcaKxJO-PasA,2019-01-17T05:00:04Z,378,153,2,0,금융투자 HOW TO,표기매칭,43700,2727.1,0.1,1.307,0.0035,"# 나는 제대로 투자하고 있는 걸까?  '알투플러스' 투자검진 받아보기!! https://ktest.kofia.or.kr/
● 투교협 홈페이지 : https://www.kcie.or.kr/
● 투교협 페이스북 : https://www.facebook.com/kcie.edu/ 
● 투교협 포스트 : http://naver.me/xOG0WSVH
● 투교협 유튜브 : https://www.youtube.com/user/kcie01/featured",https://www.youtube.com/watch?v=WEPCJcljrQA,롱폼,2019,2019-01-17,longform,0,1,,표기매칭
qAVd_ceE07M,[How To 주식] 5. 주도주분석과 모멘텀,금융투자아카데미,UCBryaPNZJE5bcaKxJO-PasA,2019-02-25T02:01:27Z,334,284,2,0,금융투자 HOW TO,재생목록+표기매칭,43700,2688.2,0.1,0.704,0.0065,"성공적인 주식 투자를 위하여 우리는 어떤 분석을 해야할까요? 
주도주분석과 모멘텀을 통해 주식투자에 대해 알아봅니다.

# 나는 제대로 투자하고 있는 걸까?  '알투플러스' 투자검진 받아보기!! https://ktest.kofia.or.kr/
● 투교협 홈페이지 : https://www.kcie.or.kr/
● 투교협 페이스북 : https://www.facebook.com/kcie.edu/ 
● 투교협 포스트 : http://naver.me/xOG0WSVH
● 투교협 유튜브 : https://www.youtube.com/user/kcie01/featured",https://www.youtube.com/watch?v=qAVd_ceE07M,롱폼,2019,2019-02-25,longform,1,1,How To 주식투자,재생목록+표기매칭
sq8yTJX_fn8,[How to 주식] 6. 실전투자전략,금융투자아카데미,UCBryaPNZJE5bcaKxJO-PasA,2019-02-28T01:25:19Z,546,276,4,1,금융투자 HOW TO,재생목록+표기매칭,43700,2685.2,0.1,1.812,0.0063,"전략없는 주식투자는, 손실의 지름길!
어떤 전략을 세워야 하는지 How to 주식에서 알려드려요!

#1 배당수익에 기초한 '다우의개'
#2 수익&자산가치에 기초한 '마법공식'
#3 주도주분석에 기초한 '듀얼모멘텀'

# 나는 제대로 투자하고 있는 걸까?  '알투플러스' 투자검진 받아보기!! https://ktest.kofia.or.kr/
● 투교협 홈페이지 : https://www.kcie.or.kr/
● 투교협 페이스북 : https://www.facebook.com/kcie.edu/ 
● 투교협 포스트 : http://naver.me/xOG0WSVH
● 투교협 유튜브 : https://www.youtube.com/user/kcie01/featured",https://www.youtube.com/watch?v=sq8yTJX_fn8,롱폼,2019,2019-02-28,longform,1,1,How To 주식투자,재생목록+표기매칭
RPNEvb8E3m4,[How to 주식] 7. 성공적인 해외투자 방법,금융투자아카데미,UCBryaPNZJE5bcaKxJO-PasA,2019-03-04T05:56:46Z,267,258,6,0,금융투자 HOW TO,재생목록+표기매칭,43700,2681.0,0.1,2.326,0.0059,"# 나는 제대로 투자하고 있는 걸까?  '알투플러스' 투자검진 받아보기!! https://ktest.kofia.or.kr/
● 투교협 홈페이지 : https://www.kcie.or.kr/
● 투교협 페이스북 : https://www.facebook.com/kcie.edu/ 
● 투교협 포스트 : http://naver.me/xOG0WSVH
● 투교협 유튜브 : https://www.youtube.com/user/kcie01/featured",https://www.youtube.com/watch?v=RPNEvb8E3m4,롱폼,2019,2019-03-04,longform,1,1,How To 주식투자,재생목록+표기매칭
9LXWiX6ygb8,"[How to 주식] 8. 주식의 종류, 투자 시점에 따른 주식분석",금융투자아카데미,UCBryaPNZJE5bcaKxJO-PasA,2019-03-07T05:31:05Z,206,307,3,0,금융투자 HOW TO,재생목록+표기매칭,43700,2678.0,0.1,0.977,0.007,"How to 주식!
주식, 그동안 어떻게 하셨나요? 방법을 모르셨다면 How to 주식과 함께 알아가요!
주식의 종류, 투자 시점에 따른 주식분석을 알려드립니다!

# 나는 제대로 투자하고 있는 걸까?  '알투플러스' 투자검진 받아보기!! https://ktest.kofia.or.kr/
● 투교협 홈페이지 : https://www.kcie.or.kr/
● 투교협 페이스북 : https://www.facebook.com/kcie.edu/ 
● 투교협 포스트 : http://naver.me/xOG0WSVH
● 투교협 유튜브 : https://www.youtube.com/user/kcie01/featured",https://www.youtube.com/watch?v=9LXWiX6ygb8,롱폼,2019,2019-03-07,longform,1,1,How To 주식투자,재생목록+표기매칭
1td07C_8iTc,[성공주식투자전략 #01] 성공투자를 위한 3가지 접근법,금융투자아카데미,UCBryaPNZJE5bcaKxJO-PasA,2019-05-14T02:06:03Z,463,310,9,1,금융투자 HOW TO,재생목록,43700,2610.2,0.1,3.226,0.0071,"성공적인 주식투자를 위한 
올바른 접근법을 알려드립니다.

● 투교협 홈페이지 : https://www.kcie.or.kr/
● 투교협 페이스북 : https://www.facebook.com/kcie.edu/ 
● 투교협 포스트 : http://naver.me/xOG0WSVH",https://www.youtube.com/watch?v=1td07C_8iTc,롱폼,2019,2019-05-14,longform,1,0,How To 주식투자,재생목록
MuxuSrrpVpg,[성공주식투자전략 #02] 성공투자를 위한 4가지 기본적 분석 방법,금융투자아카데미,UCBryaPNZJE5bcaKxJO-PasA,2019-05-17T07:46:48Z,1005,180,3,0,금융투자 HOW TO,재생목록,43700,2606.9,0.1,1.667,0.0041,"기본적인 분석만으로도 성공투자를 위한 기초체력을 충분히 다질 수 있습니다.

거래하고자 하는 주식의 가치를 가늠할 수 있는 기본적인 분석 방법 4가지를 알려드립니다.

● 투교협 홈페이지 : https://www.kcie.or.kr/
● 투교협 페이스북 : https://www.facebook.com/kcie.edu/ 
● 투교협 포스트 : http://naver.me/xOG0WSVH",https://www.youtube.com/watch?v=MuxuSrrpVpg,롱폼,2019,2019-05-17,longform,1,0,How To 주식투자,재생목록
8IB21ZRf2bQ,[성공주식투자전략 #03] 성공투자를 위한 실전 투자 전략,금융투자아카데미,UCBryaPNZJE5bcaKxJO-PasA,2019-05-21T07:42:06Z,806,164,6,0,금융투자 HOW TO,재생목록,43700,2602.9,0.1,3.659,0.0038,"실전 전략이 없다면, 수 많은 전략은 무용지물!

생각보다 간단한 전문가의 투자방식을 함께 알아봅시다!

● 투교협 홈페이지 : https://www.kcie.or.kr/
● 투교협 페이스북 : https://www.facebook.com/kcie.edu/ 
● 투교협 포스트 : http://naver.me/xOG0WSVH",https://www.youtube.com/watch?v=8IB21ZRf2bQ,롱폼,2019,2019-05-21,longform,1,0,How To 주식투자,재생목록
jUzDBi3WUI4,[성공주식투자전략 #01] 성공투자를 위한 3가지 접근법_고화질,금융투자아카데미,UCBryaPNZJE5bcaKxJO-PasA,2019-05-28T07:37:14Z,463,181,4,0,금융투자 HOW TO,재생목록,43700,2596.0,0.1,2.21,0.0041,"# 나는 제대로 투자하고 있는 걸까?  '알투플러스' 투자검진 받아보기!! https://ktest.kofia.or.kr/
● 투교협 홈페이지 : https://www.kcie.or.kr/
● 투교협 페이스북 : https://www.facebook.com/kcie.edu/ 
● 투교협 포스트 : http://naver.me/xOG0WSVH
● 투교협 유튜브 : https://www.youtube.com/user/kcie01/featured",https://www.youtube.com/watch?v=jUzDBi3WUI4,롱폼,2019,2019-05-28,longform,1,0,How To 주식투자,재생목록
B5nQnpQ-Y-Y,[성공주식투자전략 #02] 성공투자를 위한 4가지 기본적 분석 방법_고화질,금융투자아카데미,UCBryaPNZJE5bcaKxJO-PasA,2019-05-28T08:03:13Z,1005,179,6,0,금융투자 HOW TO,재생목록,43700,2595.9,0.1,3.352,0.0041,"# 나는 제대로 투자하고 있는 걸까?  '알투플러스' 투자검진 받아보기!! https://ktest.kofia.or.kr/
● 투교협 홈페이지 : https://www.kcie.or.kr/
● 투교협 페이스북 : https://www.facebook.com/kcie.edu/ 
● 투교협 포스트 : http://naver.me/xOG0WSVH
● 투교협 유튜브 : https://www.youtube.com/user/kcie01/featured",https://www.youtube.com/watch?v=B5nQnpQ-Y-Y,롱폼,2019,2019-05-28,longform,1,0,How To 주식투자,재생목록
UtXymB9YnE8,[성공주식투자전략 #03] 성공투자를 위한 실전 투자 전략_고화질,금융투자아카데미,UCBryaPNZJE5bcaKxJO-PasA,2019-05-28T08:14:58Z,806,105,4,1,금융투자 HOW TO,재생목록,43700,2595.9,0.0,4.762,0.0024,"# 나는 제대로 투자하고 있는 걸까?  '알투플러스' 투자검진 받아보기!! https://ktest.kofia.or.kr/
● 투교협 홈페이지 : https://www.kcie.or.kr/
● 투교협 페이스북 : https://www.facebook.com/kcie.edu/ 
● 투교협 포스트 : http://naver.me/xOG0WSVH
● 투교협 유튜브 : https://www.youtube.com/user/kcie01/featured",https://www.youtube.com/watch?v=UtXymB9YnE8,롱폼,2019,2019-05-28,longform,1,0,How To 주식투자,재생목록
wPP3RXlBf3w,[성공주식투자전략 #04] 퀀트를 통한 포트폴리오 선정_고화질,금융투자아카데미,UCBryaPNZJE5bcaKxJO-PasA,2019-05-28T08:24:02Z,539,144,3,0,금융투자 HOW TO,재생목록,43700,2595.9,0.1,2.083,0.0033,"● 투교협 홈페이지 : https://www.kcie.or.kr/
● 투교협 페이스북 : https://www.facebook.com/kcie.edu/ 
● 투교협 포스트 : http://naver.me/xOG0WSVH",https://www.youtube.com/watch?v=wPP3RXlBf3w,롱폼,2019,2019-05-28,longform,1,0,How To 주식투자,재생목록
f7YiOGAGxEE,[성공주식투자전략 #05] 성공투자를 위한 글로벌 자산배분_고화질,금융투자아카데미,UCBryaPNZJE5bcaKxJO-PasA,2019-05-28T08:35:09Z,1056,249,7,0,금융투자 HOW TO,재생목록,43700,2595.9,0.1,2.811,0.0057,"# 나는 제대로 투자하고 있는 걸까?  '알투플러스' 투자검진 받아보기!! https://ktest.kofia.or.kr/
● 투교협 홈페이지 : https://www.kcie.or.kr/
● 투교협 페이스북 : https://www.facebook.com/kcie.edu/ 
● 투교협 포스트 : http://naver.me/xOG0WSVH
● 투교협 유튜브 : https://www.youtube.com/user/kcie01/featured",https://www.youtube.com/watch?v=f7YiOGAGxEE,롱폼,2019,2019-05-28,longform,1,0,How To 주식투자,재생목록
Mdi3gpleNkk,주식가치 평가의 기초 1편,금융투자아카데미,UCBryaPNZJE5bcaKxJO-PasA,2019-05-31T09:00:04Z,1223,6389,114,7,금융투자 HOW TO,재생목록,43700,2592.9,2.5,1.894,0.1462,"주가는 왜 오를까요?
높은주가의 원인은 무엇일까요?
금리는 왜 중요할까요?

이번 영상을 통해, 그 답을 알아봅니다.

# 나는 제대로 투자하고 있는 걸까?  '알투플러스' 투자검진 받아보기!! https://ktest.kofia.or.kr/
● 투교협 홈페이지 : https://www.kcie.or.kr/
● 투교협 페이스북 : https://www.facebook.com/kcie.edu/ 
● 투교협 포스트 : http://naver.me/xOG0WSVH
● 투교협 유튜브 : https://www.youtube.com/user/kcie01/featured",https://www.youtube.com/watch?v=Mdi3gpleNkk,롱폼,2019,2019-05-31,longform,1,0,How To 주식투자,재생목록
zaHcdJ5Lofw,주식가치 평가의 기초 2편,금융투자아카데미,UCBryaPNZJE5bcaKxJO-PasA,2019-06-14T00:39:42Z,1374,2021,54,2,금융투자 HOW TO,재생목록,43700,2579.2,0.8,2.771,0.0462,"기업에 대한 적절한 가치평가는 어떻게 해야 할까요?
기업에 대한 가치평가 방법을 알려드립니다 :) 

# 나는 제대로 투자하고 있는 걸까?  '알투플러스' 투자검진 받아보기!! https://ktest.kofia.or.kr/
● 투교협 홈페이지 : https://www.kcie.or.kr/
● 투교협 페이스북 : https://www.facebook.com/kcie.edu/ 
● 투교협 포스트 : http://naver.me/xOG0WSVH
● 투교협 유튜브 : https://www.youtube.com/user/kcie01/featured",https://www.youtube.com/watch?v=zaHcdJ5Lofw,롱폼,2019,2019-06-14,longform,1,0,How To 주식투자,재생목록
C7diA7qAyOs,스타일투자 전략 및 원칙,금융투자아카데미,UCBryaPNZJE5bcaKxJO-PasA,2019-06-28T01:00:00Z,1233,245,14,0,금융투자 HOW TO,재생목록,43700,2565.2,0.1,5.714,0.0056,"스타일투자에도 원칙이 있다!
염동찬 애널리스트가 알려주는 스타일투자 원칙!

# 나는 제대로 투자하고 있는 걸까?  '알투플러스' 투자검진 받아보기!! https://ktest.kofia.or.kr/
● 투교협 홈페이지 : https://www.kcie.or.kr/
● 투교협 페이스북 : https://www.facebook.com/kcie.edu/ 
● 투교협 포스트 : http://naver.me/xOG0WSVH
● 투교협 유튜브 : https://www.youtube.com/user/kcie01/featured",https://www.youtube.com/watch?v=C7diA7qAyOs,롱폼,2019,2019-06-28,longform,1,0,How To 주식투자,재생목록
1tlkTy09vVk,성공적인 배당주 투자를 위한 아이디어,금융투자아카데미,UCBryaPNZJE5bcaKxJO-PasA,2019-07-02T01:52:35Z,1361,2381,53,1,금융투자 HOW TO,재생목록,43700,2561.2,0.9,2.268,0.0545,"성공적인 배당주 투자를 위해 체크해야할 것은 무엇일까요?
염동찬 애널리스트가 알려주는 배당주투자 아이디어!

# 나는 제대로 투자하고 있는 걸까?  '알투플러스' 투자검진 받아보기!! https://ktest.kofia.or.kr/
● 투교협 홈페이지 : https://www.kcie.or.kr/
● 투교협 페이스북 : https://www.facebook.com/kcie.edu/ 
● 투교협 포스트 : http://naver.me/xOG0WSVH
● 투교협 유튜브 : https://www.youtube.com/user/kcie01/featured",https://www.youtube.com/watch?v=1tlkTy09vVk,롱폼,2019,2019-07-02,longform,1,0,How To 주식투자,재생목록
ZzKxXxuFDnY,뉴스에 자주 등장하는 어닝시즌과 환율,금융투자아카데미,UCBryaPNZJE5bcaKxJO-PasA,2019-07-05T01:00:02Z,1030,174,5,0,금융투자 HOW TO,재생목록,43700,2558.2,0.1,2.874,0.004,"'어닝시즌'과 '환율'이 주식시장에 어떠한 영향을 미칠까요?
염동찬 애널리스트가 알려주는 다양한 뉴스용어!
영상을 통해 확인해 볼까요? :)

# 나는 제대로 투자하고 있는 걸까?  '알투플러스' 투자검진 받아보기!! https://ktest.kofia.or.kr/
● 투교협 홈페이지 : https://www.kcie.or.kr/
● 투교협 페이스북 : https://www.facebook.com/kcie.edu/ 
● 투교협 포스트 : http://naver.me/xOG0WSVH
● 투교협 유튜브 : https://www.youtube.com/user/kcie01/featured",https://www.youtube.com/watch?v=ZzKxXxuFDnY,롱폼,2019,2019-07-05,longform,1,0,How To 주식투자,재생목록
Tsr56qXSCxc,[이코노미스트가 보는 투자세상] 1. 개인투자자 vs 외국인투자자,금융투자아카데미,UCBryaPNZJE5bcaKxJO-PasA,2020-03-17T05:48:15Z,734,478,15,0,금융투자 HOW TO,재생목록,43700,2302.0,0.2,3.138,0.0109,"왜 한국의 개인투자자들은 손실을 볼까요? 개인투자자들은 주식시장에서 힘든 시간을 많이 보냅니다. 그 이유에 외국인투자자들이 시장을 좌지우지하고 있는 상황에서 그들만의 정보와 전략들 그리고 정보의 비대칭성이 존재했다고 합니다.
자세한 내용을 같이 알아보시죠!!!
 
# 나는 제대로 투자하고 있는 걸까?  '알투플러스' 투자검진 받아보기!! https://ktest.kofia.or.kr/
● 투교협 홈페이지 : https://www.kcie.or.kr/
● 투교협 페이스북 : https://www.facebook.com/kcie.edu/ 
● 투교협 포스트 : http://naver.me/xOG0WSVH
● 투교협 유튜브 : https://www.youtube.com/user/kcie01/featured",https://www.youtube.com/watch?v=Tsr56qXSCxc,롱폼,2020,2020-03-17,longform,1,0,How To 주식투자,재생목록
opNw1InF_EM,"[이코노미스트가 보는 투자세상] 2. 세계 혁신국가 6년 연속 1위 대한민국, 외국인 투자 관점",금융투자아카데미,UCBryaPNZJE5bcaKxJO-PasA,2020-03-20T06:00:09Z,743,255,14,1,금융투자 HOW TO,재생목록,43700,2299.0,0.1,5.882,0.0058,"세계 혁신국가 랭킹 6년 연속 1위 대한민국
한국 경제의 맥, 수출!
　
한국 경제는 수출의 비중이 매우 높고, 우리의 수출 주력 제품들은 대부분 경기민감재에 속하기 때문에 글로벌 경기의 변동에 쉽게 흔들린다고 합니다. 즉, 한국 기업의 실적은 글로벌 경기 변동과 그에 따른 수출추이에 많은 영향을 받는다는 것인데요. 외국인 투자자 관점의 한국 경제에 대해서 자세히 알아보겠습니다.

# 나는 제대로 투자하고 있는 걸까?  '알투플러스' 투자검진 받아보기!! https://ktest.kofia.or.kr/
● 투교협 홈페이지 : https://www.kcie.or.kr/
● 투교협 페이스북 : https://www.facebook.com/kcie.edu/ 
● 투교협 포스트 : http://naver.me/xOG0WSVH
● 투교협 유튜브 : https://www.youtube.com/user/kcie01/featured",https://www.youtube.com/watch?v=opNw1InF_EM,롱폼,2020,2020-03-20,longform,1,0,How To 주식투자,재생목록
4-kblfp3jtQ,[이코노미스트가 보는 투자세상] 3. 외국인에게서 배우는 투자 전략,금융투자아카데미,UCBryaPNZJE5bcaKxJO-PasA,2020-03-24T07:25:35Z,796,352,12,0,금융투자 HOW TO,재생목록,43700,2295.0,0.2,3.409,0.0081,"한국시장에서 큰 수익을 내는 외국인투자자!
어떤 방식으로 투자하고, 어떨 때 투자를 하는 것일까?
언제, 어떻게 무엇을 알아야 외국인 투자자처럼 지속적으로 이익을 낼 수 있을까?
이에 대한 홍춘욱 대표님의 설명을 들어보시죠!

# 나는 제대로 투자하고 있는 걸까?  '알투플러스' 투자검진 받아보기!! https://ktest.kofia.or.kr/
● 투교협 홈페이지 : https://www.kcie.or.kr/
● 투교협 페이스북 : https://www.facebook.com/kcie.edu/ 
● 투교협 포스트 : http://naver.me/xOG0WSVH
● 투교협 유튜브 : https://www.youtube.com/user/kcie01/featured",https://www.youtube.com/watch?v=4-kblfp3jtQ,롱폼,2020,2020-03-24,longform,1,0,How To 주식투자,재생목록
9CdpxyvKAKs,"[이코노미스트가 보는 투자세상] 4. 미국 달러가치는 어떨 때, 어떻게 움직일까?",금융투자아카데미,UCBryaPNZJE5bcaKxJO-PasA,2020-03-31T06:00:03Z,639,577,18,1,금융투자 HOW TO,재생목록,43700,2288.0,0.3,3.293,0.0132,"불황에 나타나는 달러 강세현상!
미국의 산업생산과 수요의 감소에 따라 직접적인 영향을 받는 한국경제!
달러강세와 수출물량 감소로 외국인 투자자들의 투자자금 유출
미국의 산업생산, 달러의 움직임을 주의깊게 살피는 것은 개인투자자들이 반드시 알아야 하는 기본 중의 기본이라는 것을 기억합시다.!

# 나는 제대로 투자하고 있는 걸까?  '알투플러스' 투자검진 받아보기!! https://ktest.kofia.or.kr/
● 투교협 홈페이지 : https://www.kcie.or.kr/
● 투교협 페이스북 : https://www.facebook.com/kcie.edu/ 
● 투교협 포스트 : http://naver.me/xOG0WSVH
● 투교협 유튜브 : https://www.youtube.com/user/kcie01/featured",https://www.youtube.com/watch?v=9CdpxyvKAKs,롱폼,2020,2020-03-31,longform,1,0,How To 주식투자,재생목록
8BMEzlxdNAs,[이코노미스트가 보는 투자세상] 5. 한국 개인투자자에게 맞는 투자전략은?,금융투자아카데미,UCBryaPNZJE5bcaKxJO-PasA,2020-04-03T07:00:01Z,814,888,15,1,금융투자 HOW TO,재생목록,43700,2285.0,0.4,1.802,0.0203,"자산배분전략과 투자 원칙을 세워보자!
주식시장에 영향을 미치는 다양한 변수와 위험에 대처하기 위해서 주식과 더불어 채권, 부동산 등 주식과 상관관계가 낮은 상품에 분산투자하고 국가별로 배분하는 포트폴리오를 만들어 보는 것은 어떨까요. 

그리고, 심리적인 부분에서 객관적인 시각으로 나 자신과 시장을 보면 어떨까요.
이와 관련한 홍춘욱 대표님 이야기를 같이 들어보시죠.

● 투교협 홈페이지 : https://www.kcie.or.kr/
● 투교협 페이스북 : https://www.facebook.com/kcie.edu/ 
● 투교협 포스트 : http://naver.me/xOG0WSVH",https://www.youtube.com/watch?v=8BMEzlxdNAs,롱폼,2020,2020-04-03,longform,1,0,How To 주식투자,재생목록
qNQ4PEKjGGE,왜 투자를 시작해야 할까?ㅣ금융투자 HOWTO 1편,금융투자아카데미,UCBryaPNZJE5bcaKxJO-PasA,2026-05-19T00:30:34Z,824,47835,63,56,금융투자 HOW TO,재생목록+표기매칭,43700,48.2,992.4,0.249,1.0946,"📈 예금만 하면 왜 손해일까?
초보 투자자가 가장 먼저 알아야 할 돈의 진실

30년 전 짜장면 한 그릇 2천 원, 지금은 7천 원. 같은 돈으로 살 수 있는 것이 줄어드는 인플레이션 시대, 예금만으로 충분할까요? 명목금리와 실질금리의 차이, 복리의 힘, 그리고 분산 투자가 만드는 30년의 결과까지. 「금융투자 HOWTO」 1편에서 지금 투자를 시작해야 하는 이유를 차근차근 짚어드립니다.
 
⏱️ 타임스탬프
00:00 내 통장 속 현금, 안전할까?
00:47 역사 속 사례로 보는 돈의 가치
02:09 시간이 만드는 돈의 가치 변화
03:50 예금만으로 충분할까?
05:35 내 예금의 진짜 가치
07:38 주식 투자 위험하지 않을까?
08:53 주식 투자 시작해야 하는 이유
11:01 연 7% 수익 가능할까?
12:35 투자 전, 필수 질문 3가지
 
📌 더 알아보기
● 홈페이지 👉 https://www.kcie.or.kr/
● 페이스북 👉 https://www.facebook.com/kcie.edu/
● 인스타그램 👉 https://www.instagram.com/kcie2018/
● 네이버 블로그 👉 https://blog.naver.com/kcie2017
● 다음채널 👉 https://v.daum.net/channel/3126/home

#금융투자HOWTO #예금과투자 #주식투자 #인플레이션 #복리효과 #장기투자 #투자공부 #투자교육 #투교협 #주린이",https://www.youtube.com/watch?v=qNQ4PEKjGGE,롱폼,2026,2026-05-19,longform,1,1,금융투자 HOWTO,재생목록+표기매칭
gau2OM3yWFY,주식 투자는 왜 은행이 아니라 증권사에서 할까?ㅣ금융투자 HOWTO 2편,금융투자아카데미,UCBryaPNZJE5bcaKxJO-PasA,2026-05-27T01:00:04Z,733,21876,37,33,금융투자 HOW TO,재생목록+표기매칭,43700,40.2,544.2,0.32,0.5006,"🏦 은행 앱으로는 주식을 살 수 없는 이유, 증권사가 하는 진짜 역할

매일 쓰는 은행 앱, 주식은 왜 살 수 없을까요? 주식 시장은 누구나 직접 들어가서 거래할 수 있는 곳이 아닙니다. 사는 사람과 파는 사람의 주문을 연결해 주는 창구가 필요하죠. 그 역할을 하는 곳이 바로 증권사입니다.

오늘은 증권사가 어떤 일을 하는지, 내 돈과 주식은 어떻게 보호되는지, 나에게 맞는 증권사는 어떻게 고르면 되는지 알아봅니다.
 
⏱️ 타임스탬프
00:00 주식 투자 은행 앱으로 할 수 있을까?
01:28 증권사는 무슨 일을 할까?
02:25 은행을 통한 펀드 가입
02:58 주식 거래, 계좌 개설이 필요하다!
03:29 거래 가능한 종목은?
04:27 거래소 운영 시간은?
05:41 증권사 계좌의 내 돈, 안전할까?
07:52 투자 정보를 얻는 올바른 방법
09:41 나에게 맞는 증권사 고르는 기준
11:23 클로징
 
📌 더 알아보기
● 홈페이지 👉 https://www.kcie.or.kr/
● 페이스북 👉 https://www.facebook.com/kcie.edu/
● 인스타그램 👉 https://www.instagram.com/kcie2018/
● 네이버 블로그 👉 https://blog.naver.com/kcie2017
● 다음채널 👉 https://v.daum.net/channel/3126/home

#금융투자HOWTO #주식투자 #주식계좌 #주식거래 #한국예탁결제원 #예탁금 #투자정보 #투자교육 #투자자문사 #증권사고르는법 #투교협 #증권사 #증권거래소",https://www.youtube.com/watch?v=gau2OM3yWFY,롱폼,2026,2026-05-27,longform,1,1,금융투자 HOWTO,재생목록+표기매칭
KUnENpQPke0,"처음 계좌, 10분이면 충분합니다ㅣ금융투자 HOWTO 3편",금융투자아카데미,UCBryaPNZJE5bcaKxJO-PasA,2026-06-02T00:56:47Z,920,127697,47,17,금융투자 HOW TO,재생목록+표기매칭,43700,34.2,3733.8,0.05,2.9221,"📱 막막했던 증권 계좌 개설, 영상 따라 하면 10분이면 충분합니다.

증권사 앱은 깔았는데, '계좌 개설하기'를 누르는 순간 위탁계좌, CMA, ISA, IRP… 처음 보는 단어와 수많은 약관 앞에서 막막하셨나요?

오늘은 증권사 앱(MTS)의 계좌 개설 화면을 함께 보며, 각 단계에서 무엇을 어떻게 해야 하는지 차근차근 알려드립니다. 영업점에 가지 않아도, 영상을 그대로 따라 하다 보면 어느새 내 첫 증권 계좌, 손쉽게 만들 수 있습니다.

⏱️ 타임스탬프
00:00 비대면 계좌 개설의 장점
01:07 계좌 개설 사전 준비
02:36 증권사 앱 설치 방법
03:31 앱 실행 & 고객 정보 확인
04:11 필요한 투자 계좌 개설하기
07:42 휴대폰 본인 인증
08:35 거래 약관 검토와 동의
11:03 신분증 촬영으로 실명 확인
11:52 본인 명의 계좌 1원 인증
12:48 투자자 성향 테스트
13:51 계좌 거래 비밀번호 설정
14:33 비대면 계좌 개설 완료

📌 더 알아보기
● 홈페이지 👉 https://www.kcie.or.kr/
● 페이스북 👉 https://www.facebook.com/kcie.edu/
● 인스타그램 👉 https://www.instagram.com/kcie2018/
● 네이버 블로그 👉 https://blog.naver.com/kcie2017
● 다음채널 👉 https://v.daum.net/channel/3126/home

#금융투자HOWTO #증권계좌개설 #비대면계좌개설 #계좌개설방법 #주식초보 #위탁계좌 #CMA #ISA #IRP #투자자성향테스트 #MTS #투자교육 #투교협 #주린이",https://www.youtube.com/watch?v=KUnENpQPke0,롱폼,2026,2026-06-02,longform,1,1,금융투자 HOWTO,재생목록+표기매칭
kQj1e1jBCh8,"MTS 화면, 이제 숫자가 아니라 흐름으로 보세요ㅣ금융투자 HOWTO 4편",금융투자아카데미,UCBryaPNZJE5bcaKxJO-PasA,2026-06-09T00:58:45Z,837,27396,23,11,금융투자 HOW TO,재생목록+표기매칭,43700,27.2,1007.2,0.124,0.6269,"📊 복잡해 보이던 MTS 화면, 의미를 알면 시장의 흐름이 보입니다.

계좌를 만들고 처음 MTS를 열면, 빼곡한 숫자와 그래프 앞에서 무엇을 눌러야 할지 알기 어렵습니다. 오늘은 투자를 위해 계좌에 넣어둔 돈인 예수금부터 종목 검색, 차트와 호가창 읽는 방법까지 실제 화면과 함께 안내해 드립니다.

⏱️ 타임스탬프
00:00 처음 보는 MTS 화면
01:04 HTS 화면 이해하기
02:05 MTS 화면 이해하기
02:52 증권계좌에 돈 넣고 시작
03:53 잔고메뉴 살펴보기
04:30 예수금 현황 읽는 방법
06:32 종목 검색ㅣ원하는 기업 찾기
08:11 종목 화면ㅣ차트 읽기
11:06 종목 화면ㅣ호가창 보는법
11:57 현재가와 전일대비 등락률
12:39 종목 탭 활용 방법

📌 더 알아보기
● 홈페이지 👉 https://www.kcie.or.kr/
● 페이스북 👉 https://www.facebook.com/kcie.edu/
● 인스타그램 👉 https://www.instagram.com/kcie2018/
● 네이버 블로그 👉 https://blog.naver.com/kcie2017
● 다음채널 👉 https://v.daum.net/channel/3126/home

#금융투자HOWTO #MTS #HTS #주식투자 #종목검색 #예수금 #종목화면 #주식초보 #차트보는법 #호가창 #주린이 #주식공부 #투자교육 #투자자교육협의회 #투교협",https://www.youtube.com/watch?v=kQj1e1jBCh8,롱폼,2026,2026-06-09,longform,1,1,금융투자 HOWTO,재생목록+표기매칭
7nBCGozbsPA,"매수 버튼, 언제, 어떻게 눌러야 할까? l 금융투자 HOWTO 5편",금융투자아카데미,UCBryaPNZJE5bcaKxJO-PasA,2026-06-17T01:28:13Z,1179,35976,22,19,금융투자 HOW TO,재생목록+표기매칭,43700,19.2,1873.8,0.114,0.8232,"🛒 매수 버튼 하나에도, 알아두면 좋은 순서가 있습니다.

종목을 골랐다면, 이제 주문을 넣을 차례입니다. 오늘은 매수 화면에 들어가는 방법부터 지정가와 시장가의 차이, 주문이 체결되는 원리, 체결 뒤 계좌에서 바뀌는 것들까지 화면을 함께 보며 안내해 드립니다. 사는 것만큼 중요한 매도와 손익, 손절을 어떻게 바라볼지도 함께 다룹니다.

⏱️ 타임스탬프
00:00 이제 매수해 볼까요
01:15 매수 화면 진입 방법
02:29 매수 화면 읽는 방법
06:21 매수 주문 시작하기
08:21 지정가와 시장가 주문
09:36 매수 주문 체결 원리
12:22 주문 내역 확인하기
13:25 가격, 수량 변경 방법
13:48 체결 후 계좌 변화
14:32 주식 주문 수수료와 세금
15:48 주식 매도(손절)와 손익
18:27 주식 매도&매수 완료

📌 더 알아보기
● 홈페이지 👉 https://www.kcie.or.kr/
● 페이스북 👉 https://www.facebook.com/kcie.edu/
● 인스타그램 👉 https://www.instagram.com/kcie2018/
● 네이버 블로그 👉 https://blog.naver.com/kcie2017
● 다음채널 👉 https://v.daum.net/channel/3126/home

#투자자교육협의회 #투교협 #금융투자HOWTO #주식투자 #주식매수 #주식매도 #손절 #주식초보 #주린이 #초보투자자 #주식어플 #주식MTS #주식상한가 #주식하한가 #주식 #투자교육",https://www.youtube.com/watch?v=7nBCGozbsPA,롱폼,2026,2026-06-17,longform,1,1,금융투자 HOWTO,재생목록+표기매칭
_JXFNyVETWM,"투자 계좌 속 내 자산, 팔지 않고 옮기는 방법은?ㅣ금융투자 HOWTO 6편",금융투자아카데미,UCBryaPNZJE5bcaKxJO-PasA,2026-06-23T08:53:16Z,1007,46443,28,18,금융투자 HOW TO,재생목록+표기매칭,43700,12.9,3600.2,0.099,1.0628,"💸 증권사를 바꿔도, 주식 팔지 않아도 됩니다!

오늘은 투자로 모은 자산을 옮기는 방법을 알아봅니다. 다른 증권사로 주식을 이체하는 대체출고부터 ISA·연금저축·IRP 절세계좌 이전, 배우자·가족 증여까지, 계좌 속 자산을 옮길 때 알아두면 좋은 절차와 세금을 정리했습니다.

⏱️ 타임라인
00:00 현명한 투자 계좌 사용법
01:57 증권사 간 주식이체
03:03 펀드판매사 이동 제도
03:31 절세를 위한 계좌 이전
04:39 ISA 계좌이전과 절세
06:04 IRP ⇔ 연금저축 간 이전
08:20 연금저축 ⇒ IRP 이전방법
08:52 IRP ⇒ 연금저축 이전방법
10:13 연금저축 간 이전방법
12:42 보험사 연금저축보험 이전
13:13 부부ᆞ가족 간 증여 이전
13:57 해외주식 배우자 증여
16:05 투자, 관리방법이 중요하다

📌 더 알아보기
● 홈페이지 👉 https://www.kcie.or.kr/
● 페이스북 👉 https://www.facebook.com/kcie.edu/
● 인스타그램 👉 https://www.instagram.com/kcie2018/
● 네이버 블로그 👉 https://blog.naver.com/kcie2017
● 다음채널 👉 https://v.daum.net/channel/3126/home

#투자자교육협의회 #투교협 #금융투자HOWTO #주식계좌이전 #해외주식 #절세계좌 #ISA #세액공제 #연금저축 #IRP #계약이전제도 #연금저축보험 #부부증여 #주식증여 #주식투자",https://www.youtube.com/watch?v=_JXFNyVETWM,롱폼,2026,2026-06-23,longform,1,1,금융투자 HOWTO,재생목록+표기매칭
aYb3RhIsK9c,주식·ETF·펀드 투자 전에 이것부터ㅣ금융투자 HOWTO 7편,금융투자아카데미,UCBryaPNZJE5bcaKxJO-PasA,2026-06-30T01:32:17Z,1214,11975,75,63,금융투자 HOW TO,재생목록+표기매칭,43700,6.2,1931.5,1.152,0.274,"💡 주식·ETF·펀드, 사기 전에 무엇을 봐야 할까요?

같은 상품인데 누구는 더 싸게, 더 안전하게 산다는 사실, 알고 계셨나요? 기업 가치를 보는 PER·PBR부터 현금화 방법, 분산투자, 비용과 세금까지. 투자하기 전 꼭 알아야 할 기준을 알려드립니다.

⏱️ 타임라인
00:00 투자 전 필수 확인사항
01:50 주식투자 기본 원리
02:23 PER·PBR로 보는 기업가치
05:15 투자설명서와 공시 확인법
05:58 펀드·ETF 구조와 선택기준
09:03 투자 상품 성격 이해하기
10:11 주식·ETF 매도와 결제일
11:30 펀드를 현금화하는 방법
12:23 위험, 어떻게 분산될까?
13:04 주식, ETF로 분산 투자
14:43 펀드로 분산 투자
16:16 투자에 드는 비용
17:24 투자 상품에 따른 세금
19:30 스스로 하는 투자 결정

📌 더 알아보기
● 홈페이지 👉 https://www.kcie.or.kr/
● 페이스북 👉 https://www.facebook.com/kcie.edu/
● 인스타그램 👉 https://www.instagram.com/kcie2018/
● 네이버 블로그 👉 https://blog.naver.com/kcie2017
● 다음채널 👉 https://v.daum.net/channel/3126/home

#투자자교육협의회 #투교협 #금융투자HOWTO #주식투자 #주식 #PER #PBR #ETF #펀드 #투자설명서 #분산투자 #투자위험관리 #금융투자상품 #투자세금 #투자교육 #재테크 #해외ETF",https://www.youtube.com/watch?v=aYb3RhIsK9c,롱폼,2026,2026-06-30,longform,1,1,금융투자 HOWTO,재생목록+표기매칭
